"Add to Cart","Colocar no caldeirão"
"Shopping Cart","Caldeirão"
"My Wish List","Meus Feitiços"
"Search entire store here...","Procure algo assombroso..."
"Sign In","Entrar no covil"
"Create an Account","Criar uma conta"
"Default welcome msg!","Bem-vindo à Oak & Barrel"

"Your %store_name order confirmation","Confirmação do seu pedido na %store_name"
"%customer_name,","Olá, %customer_name!"
"Thank you for your order from %store_name.","Obrigado pelo seu pedido na %store_name."
"Once your package ships we will send you a tracking number.","Assim que seu pedido for enviado, enviaremos o código de rastreamento."
"You can check the status of your order by <a href=""%account_url"">logging into your account</a>.","Você pode acompanhar o status do pedido acessando <a href=""%account_url"">sua conta</a>."
"If you have questions about your order, you can email us at <a href=""mailto:%store_email"">%store_email</a>","Se tiver dúvidas sobre seu pedido, entre em contato pelo e-mail <a href=""mailto:%store_email"">%store_email</a>"
"or call us at <a href=""tel:%store_phone"">%store_phone</a>","ou pelo telefone <a href=""tel:%store_phone"">%store_phone</a>"
"Our hours are <span class=""no-link"">%store_hours</span>.","Nosso horário de atendimento é <span class=""no-link"">%store_hours</span>."
"Your Order <span class=""no-link"">#%increment_id</span>","Pedido <span class=""no-link"">#%increment_id</span>"
"Placed on <span class=""no-link"">%created_at</span>","Realizado em <span class=""no-link"">%created_at</span>"
"Billing Info","Dados de Cobrança"
"Shipping Info","Dados de Entrega"
"Payment Method","Forma de Pagamento"
"Shipping Method","Forma de Entrega"

"Items","Produtos"
"Qty","Qtd."
"Price","Preço"
"Subtotal","Subtotal"
"Shipping & Handling","Frete"
"Tax","Impostos"
"Grand Total","Total"
"Selo Sustentável","Selo da Noite Sustentável"
"Ends in","Termina em"
"days","dias"
"hours","horas"
"minutes","minutos"
"and","e"
"seconds","segundos"
"The Haunted Night has ended","A Noite Assombrada chegou ao fim"

"Your cauldron is empty","Seu caldeirão está vazio"
"Thirteen items. Brave.","Treze itens. Corajoso."
"Items in the cauldron:","Itens no caldeirão:"

"You have no items in your shopping cart.","Seu carrinho está vazio."

"Please enter less or equal than {0} symbols.","Digite no máximo {0} caracteres."
"My Cart","Meu caldeirão"
"Close","Fechar"
"of","de"
"Items in Cart","Itens no carrinho"
"Item in Cart","Item no carrinho"
"Proceed to Checkout","Finalizar compra"
"Recently added item(s)","Itens adicionados recentemente"
"View and Edit Cart","Ver e editar carrinho"

"Privacy and Cookie Policy","Política de Privacidade e Cookies"
"Search Terms","Termos de Pesquisa"
"Advanced Search","Pesquisa Avançada"
"Orders and Returns","Pedidos e Devoluções"
"Contact Us","Fale Conosco"

"Enter your email address","Digite seu e-mail"
"Subscribe","Inscrever-se"

"Sort By","Ordenar por"
"Position","Posição"
"Learn More","Saiba mais"

"Add to Wish List","Adicionar aos favoritos"
"Add to Compare","Adicionar à comparação"
"In Stock","Em estoque"
"Out of Stock","Fora de estoque"

"Product Reviews","Avaliações do Produto"
"Reviews","Avaliações"
"You're reviewing:","Você está avaliando:"
"Your Rating","Sua avaliação"
"Rating","Avaliação"
"Rating: %1/5","Avaliação: %1/5"
"Nickname","Nome"
"Summary","Resumo"
"Review","Avaliação"
"Submit Review","Enviar avaliação"

"Shipping Address","Endereço de Entrega"
"Email Address","E-mail"
"You can create an account after checkout.","Você poderá criar uma conta após finalizar a compra."
"First Name","Nome"
"Last Name","Sobrenome"
"Company","Empresa"
"Street Address","Endereço"
"Country","País"
"State/Province","Estado"
"Please select a region, state or province.","Selecione um estado."
"City","Cidade"
"Zip/Postal Code","CEP"
"Phone Number","Telefone"

"Shipping Methods","Formas de Entrega"
"Fixed","Fixo"
"Flat Rate","Taxa Fixa"
"Table Rate","Tabela de Frete"
"Best Way","Melhor opção"
"Next","Continuar"

"Order Summary","Resumo do Pedido"
"Cart Subtotal","Subtotal do carrinho"
"Cart Subtotal:","Subtotal do carrinho:"
"Estimate Shipping and Tax","Calcular Frete e Impostos"
"Discount","Desconto"
"Order Total","Total do Pedido"
"Check Out with Multiple Addresses","Finalizar com vários endereços"

"Review & Payments","Revisão e Pagamento"
"Shipping","Entrega"

"You have no items in your wish list.","Sua lista de favoritos está vazia."

"Show","Mostrar"
"per page","por página"
"Product Name","Nome do Produto"
"Item","Produto"
"Update Shopping Cart","Atualizar carrinho"
"Apply Discount Code","Aplicar cupom de desconto"

"In Stock","Em estoque"
"Be the first to review this product","Seja o primeiro a avaliar este produto"
"Rating","Avaliação"